{
  "$schema": "http://json-schema.org/schema#",
  "type": "object",
  "properties": {
    "postgresqlUsername": {
      "type": "string",
      "title": "Admin user",
      "form": "username"
    },
    "postgresqlPassword": {
      "type": "string",
      "title": "Password",
      "form": "password"
    },
    "persistence": {
      "type": "object",
      "properties": {
        "size": {
          "type": "string",
          "title": "Disk Size",
          "form": "diskSize",
          "render": "slider",
          "sliderMin": 1,
          "sliderMax": 100,
          "sliderUnit": "Gi"
        }
      }
    },
    "resources": {
      "type": "object",
      "title": "Required Resources",
      "description": "Configure resource requests",
      "form": "resources",
      "properties": {
        "requests": {
          "type": "object",
          "properties": {
            "memory": {
              "type": "string",
              "form": "memoryRequest",
              "render": "slider",
              "title": "Memory Request",
              "sliderMin": 10,
              "sliderMax": 2048,
              "sliderUnit": "Mi"
            },
            "cpu": {
              "type": "string",
              "form": "cpuRequest",
              "render": "slider",
              "title": "CPU Request",
              "sliderMin": 10,
              "sliderMax": 2000,
              "sliderUnit": "m"
            }
          }
        }
      }
    },
    "replication": {
      "type": "object",
      "form": "replication",
      "title": "Replication Details",
      "properties": {
        "enabled": {
          "type": "boolean",
          "title": "Enable Replication",
          "form": "enableReplication",
          "enables": "replication"
        },
        "slaveReplicas": {
          "type": "integer",
          "title": "Slave Replicas",
          "form": "slaveReplicas"
        }
      }
    },
    "volumePermissions": {
      "type": "object",
      "properties": {
        "enabled": {
          "type": "boolean",
          "form": "enableVolumePermissions",
          "title": "Enable Init Containers",
          "description": "Change the owner of the persist volume mountpoint to RunAsUser:fsGroup"
        }
      }
    },
    "metrics": {
      "type": "object",
      "properties": {
        "enabled": {
          "type": "boolean",
          "title": "Configure metrics exporter",
          "form": "enableMetrics"
        }
      }
    }
  }
}
